,index,char,x,y,height,width
0,18,A,-0.9812500095367431,0.4416666960716248,0.19,0.10625
1,18, ,-0.8662499785423279,0.25166669607162473,0.0,0.0
2,18,w,-0.7375000071525574,0.39333336273829145,0.14166666666666666,0.11375
3,18,o,-0.6012499761581421,0.39666669607162475,0.14666666666666667,0.09
4,18,r,-0.47500000476837156,0.39666669607162475,0.145,0.09125
5,18,k,-0.3425000035762787,0.4500000294049581,0.19833333333333333,0.0825
6,18, ,-0.2475000023841858,0.25166669607162473,0.0,0.0
7,18,o,-0.1062500011920929,0.39666669607162475,0.14666666666666667,0.09
8,18,f,0.01875,0.44833336273829144,0.19666666666666666,0.08875
9,18, ,0.1237500011920929,0.25166669607162473,0.0,0.0
10,18,a,-0.9712500095367431,-0.13666666666666666,0.145,0.08
11,18,s,-0.8449999785423279,-0.135,0.14666666666666667,0.08125
12,18,t,-0.7250000071525574,-0.10166666666666667,0.17833333333333334,0.085
13,18,o,-0.6012499761581421,-0.135,0.14666666666666667,0.09
14,18,n,-0.47500000476837156,-0.13666666666666666,0.14333333333333334,0.08375
15,18,i,-0.3500000035762787,-0.07,0.21,0.08625
16,18,s,-0.2262500023841858,-0.135,0.14666666666666667,0.08125
17,18,h,-0.10375000119209289,-0.08166666666666667,0.19833333333333333,0.08375
18,18,i,0.02125,-0.07,0.21,0.08625
19,18,n,0.14375000119209289,-0.13666666666666666,0.14333333333333334,0.08375
20,18,g,0.2625000023841858,-0.13666666666666666,0.19666666666666666,0.0875
21,18, ,0.3712500035762787,-0.28,0.0,0.0
22,18,d,0.3712500035762787,-0.28,0.0,0.0
23,18,e,0.3712500035762787,-0.28,0.0,0.0
24,18,l,0.3712500035762787,-0.28,0.0,0.0
25,18,i,0.3712500035762787,-0.28,0.0,0.0
26,18,c,0.3712500035762787,-0.28,0.0,0.0
27,18,a,0.3712500035762787,-0.28,0.0,0.0
28,18,c,0.3712500035762787,-0.28,0.0,0.0
29,18,y,0.3712500035762787,-0.28,0.0,0.0
30,18, ,0.3712500035762787,-0.28,0.0,0.0
31,18,a,0.3712500035762787,-0.28,0.0,0.0
32,18,n,0.3712500035762787,-0.28,0.0,0.0
33,18,d,0.3712500035762787,-0.28,0.0,0.0
34,18, ,0.3712500035762787,-0.28,0.0,0.0
35,18,f,0.3712500035762787,-0.28,0.0,0.0
36,18,o,0.3712500035762787,-0.28,0.0,0.0
37,18,r,0.3712500035762787,-0.28,0.0,0.0
38,18,c,0.3712500035762787,-0.28,0.0,0.0
39,18,e,0.3712500035762787,-0.28,0.0,0.0
40,18,.,0.3712500035762787,-0.28,0.0,0.0
