,index,char,x,y,height,width
0,46,R,-0.9712500095367431,0.4416666960716248,0.19,0.09125
1,46,e,-0.8462499785423279,0.39666669607162475,0.14666666666666667,0.08625
2,46,a,-0.7237500071525573,0.3950000294049581,0.145,0.08
3,46,s,-0.5974999761581421,0.39666669607162475,0.14666666666666667,0.08125
4,46,s,-0.4737500047683716,0.39666669607162475,0.14666666666666667,0.08125
5,46,u,-0.35125000357627867,0.39333336273829145,0.14333333333333334,0.08375
6,46,r,-0.2275000023841858,0.39666669607162475,0.145,0.09125
7,46,i,-0.10250000119209289,0.46166669607162475,0.21,0.08625
8,46,n,0.02,0.3950000294049581,0.14333333333333334,0.08375
9,46,g,0.1387500011920929,0.3950000294049581,0.19666666666666666,0.0875
10,46,",",0.2862500023841858,0.29166669607162476,0.08333333333333333,0.0325
11,46, ,0.3712500035762787,0.25166669607162473,0.0,0.0
12,46,r,-0.9700000095367431,-0.135,0.145,0.09125
13,46,e,-0.8462499785423279,-0.135,0.14666666666666667,0.08625
14,46,t,-0.7250000071525574,-0.10166666666666667,0.17833333333333334,0.085
15,46,r,-0.5987499761581421,-0.135,0.145,0.09125
16,46,o,-0.47750000476837157,-0.135,0.14666666666666667,0.09
17,46, ,-0.3712500035762787,-0.28,0.0,0.0
18,46,u,-0.2275000023841858,-0.13833333333333334,0.14333333333333334,0.08375
19,46,p,-0.10375000119209289,-0.135,0.19333333333333333,0.0875
20,46,l,0.02125,-0.08333333333333333,0.19666666666666666,0.08625
21,46,i,0.1450000011920929,-0.07,0.21,0.08625
22,46,f,0.2662500023841858,-0.08333333333333333,0.19666666666666666,0.08875
23,46,t,0.3887500035762787,-0.10166666666666667,0.17833333333333334,0.085
24,46,e,0.5150000047683716,-0.135,0.14666666666666667,0.08625
25,46,r,0.6387499761581421,-0.135,0.145,0.09125
26,46,.,0.7875000071525574,-0.23666666666666666,0.043333333333333335,0.0325
