,index,char,x,y,height,width
0,49,H,-0.9737500095367432,0.4400000294049581,0.18833333333333332,0.09125
1,49,o,-0.8487499785423279,0.39666669607162475,0.14666666666666667,0.09
2,49,w,-0.7375000071525574,0.39333336273829145,0.14166666666666666,0.11375
3,49, ,-0.6187499761581421,0.25166669607162473,0.0,0.0
4,49,d,-0.4787500047683716,0.4500000294049581,0.2,0.0875
5,49,i,-0.3500000035762787,0.46166669607162475,0.21,0.08625
6,49,d,-0.2312500023841858,0.4500000294049581,0.2,0.0875
7,49, ,-0.1237500011920929,0.25166669607162473,0.0,0.0
8,49,i,0.02125,0.46166669607162475,0.21,0.08625
9,49,t,0.1412500011920929,0.4300000294049581,0.17833333333333334,0.085
10,49, ,0.2475000023841858,0.25166669607162473,0.0,0.0
11,49,e,0.3912500035762787,0.39666669607162475,0.14666666666666667,0.08625
12,49,v,0.5100000047683716,0.39333336273829145,0.14166666666666666,0.09375
13,49,e,0.6387499761581421,0.39666669607162475,0.14666666666666667,0.08625
14,49,r,0.7625000071525574,0.39666669607162475,0.145,0.09125
15,49, ,0.8662499785423279,0.25166669607162473,0.0,0.0
16,49,g,-0.9750000095367432,-0.13666666666666666,0.19666666666666666,0.0875
17,49,e,-0.8462499785423279,-0.135,0.14666666666666667,0.08625
18,49,t,-0.7250000071525574,-0.10166666666666667,0.17833333333333334,0.085
19,49, ,-0.6187499761581421,-0.28,0.0,0.0
20,49,m,-0.48250000476837157,-0.13666666666666666,0.14333333333333334,0.1
21,49,a,-0.3525000035762787,-0.13666666666666666,0.145,0.08
22,49,d,-0.2312500023841858,-0.08166666666666667,0.2,0.0875
23,49,e,-0.10375000119209289,-0.135,0.14666666666666667,0.08625
24,49,?,0.0225,-0.09,0.19166666666666668,0.0775
