,index,char,x,y,height,width
0,85,T,-0.9787500095367432,0.4416666960716248,0.19,0.1
1,85,h,-0.8462499785423279,0.4500000294049581,0.19833333333333333,0.08375
2,85,i,-0.7212500071525574,0.46166669607162475,0.21,0.08625
3,85,s,-0.5974999761581421,0.39666669607162475,0.14666666666666667,0.08125
4,85, ,-0.4950000047683716,0.25166669607162473,0.0,0.0
5,85,t,-0.35375000357627867,0.4300000294049581,0.17833333333333334,0.085
6,85,h,-0.2275000023841858,0.4500000294049581,0.19833333333333333,0.08375
7,85,i,-0.10250000119209289,0.46166669607162475,0.21,0.08625
8,85,n,0.02,0.3950000294049581,0.14333333333333334,0.08375
9,85,g,0.1387500011920929,0.3950000294049581,0.19666666666666666,0.0875
10,85, ,0.2475000023841858,0.25166669607162473,0.0,0.0
11,85,w,-0.9850000095367432,-0.13833333333333334,0.14166666666666666,0.11375
12,85,o,-0.8487499785423279,-0.135,0.14666666666666667,0.09
13,85,r,-0.7225000071525574,-0.135,0.145,0.09125
14,85,k,-0.589999976158142,-0.08166666666666667,0.19833333333333333,0.0825
15,85,s,-0.4737500047683716,-0.135,0.14666666666666667,0.08125
16,85, ,-0.3712500035762787,-0.28,0.0,0.0
17,85,o,-0.23000000238418578,-0.135,0.14666666666666667,0.09
18,85,n,-0.10375000119209289,-0.13666666666666666,0.14333333333333334,0.08375
19,85, ,0.0,-0.28,0.0,0.0
20,85,n,0.14375000119209289,-0.13666666666666666,0.14333333333333334,0.08375
21,85,o,0.2650000023841858,-0.135,0.14666666666666667,0.09
22,85, ,0.3712500035762787,-0.28,0.0,0.0
23,85,l,0.3712500035762787,-0.28,0.0,0.0
24,85,e,0.3712500035762787,-0.28,0.0,0.0
25,85,v,0.3712500035762787,-0.28,0.0,0.0
26,85,e,0.3712500035762787,-0.28,0.0,0.0
27,85,l,0.3712500035762787,-0.28,0.0,0.0
28,85, ,0.3712500035762787,-0.28,0.0,0.0
29,85,w,0.3712500035762787,-0.28,0.0,0.0
30,85,h,0.3712500035762787,-0.28,0.0,0.0
31,85,a,0.3712500035762787,-0.28,0.0,0.0
32,85,t,0.3712500035762787,-0.28,0.0,0.0
33,85,s,0.3712500035762787,-0.28,0.0,0.0
34,85,o,0.3712500035762787,-0.28,0.0,0.0
35,85,e,0.3712500035762787,-0.28,0.0,0.0
36,85,v,0.3712500035762787,-0.28,0.0,0.0
37,85,e,0.3712500035762787,-0.28,0.0,0.0
38,85,r,0.3712500035762787,-0.28,0.0,0.0
39,85, ,0.3712500035762787,-0.28,0.0,0.0
40,85,f,0.3712500035762787,-0.28,0.0,0.0
41,85,o,0.3712500035762787,-0.28,0.0,0.0
42,85,r,0.3712500035762787,-0.28,0.0,0.0
43,85, ,0.3712500035762787,-0.28,0.0,0.0
44,85,m,0.3712500035762787,-0.28,0.0,0.0
45,85,e,0.3712500035762787,-0.28,0.0,0.0
46,85,.,0.3712500035762787,-0.28,0.0,0.0
